,favourites_num,followers_num,friends_num,name,statuses_num
0,20657.0,510833.0,21928.0,AirBnb,33214.0
1,3882.0,4451615.0,71.0,Dropbox,3024.0
2,545.0,6968.0,748.0,Zenefits,2171.0
3,4960.0,129008.0,1334.0,DigitalOcean,41455.0
4,3099.0,74426.0,331.0,Stripe,10901.0
5,8929.0,17889.0,1159.0,Instacart,13823.0
6,2381.0,9107.0,1636.0,DoorDash,2127.0
7,40.0,333.0,508.0,Gusto,2074.0
8,,,,Ginko Bioworks,
9,0.0,98.0,10.0,DataDog,212.0
10,4437.0,23388.0,2705.0,Optimizely,13343.0
11,9103.0,30617.0,3199.0,Transferwise,9589.0
12,2788.0,71739.0,2549.0,Postmates,10315.0
13,,,,Ionic Security,
14,728.0,108625.0,119.0,Coinbase,1516.0
15,,,,Pindrop Security,
16,1225.0,24846.0,1126.0,Intercom,6640.0
17,2981.0,45670.0,2578.0,SeatGeek,19237.0
18,36.0,1810.0,3.0,Orbotix,288.0
19,36.0,1810.0,3.0,Orbotix,288.0
20,18604.0,23450.0,4608.0,ClassPass,30250.0
21,,,,Surf Air,
22,174.0,5102.0,276.0,MemSQL,2018.0
23,550.0,17607.0,1202.0,Mixpanel,3327.0
24,,,,Omada Health,
25,261.0,7608.0,2523.0,Life360,8092.0
26,2354.0,7965.0,76.0,Tradesy,3271.0
27,1647.0,12453.0,2094.0,WePay,7786.0
28,,,,Meta Space Glasses,
29,793.0,3497.0,1052.0,Clustrix,2325.0
30,408.0,6719.0,177.0,Airware,767.0
31,,,,E la Carte,
32,,,,Crowdtilt,
33,21.0,3114.0,3279.0,VendScreen,1200.0
34,1197.0,3885.0,751.0,HomeJoy,4572.0
35,2062.0,4673.0,286.0,PillPack,2631.0
36,1963.0,9527.0,832.0,Vidyard,21848.0
37,9611.0,9142.0,6107.0,Localytics,5724.0
38,1.0,170.0,1.0,Remind101,1.0
39,362.0,7057.0,1170.0,PlanGrid,1446.0
40,931.0,12489.0,220.0,Distil,3175.0
41,,,,Pebble Technology,
42,1579.0,5478.0,1631.0,DataRobot,3580.0
43,7197.0,47051.0,5178.0,Teespring,6089.0
44,4996.0,22106.0,784.0,RapGenius,4052.0
45,1170.0,2850.0,2225.0,CoverHound,8527.0
46,29714.0,19275.0,749.0,Plated,24133.0
47,793.0,3825.0,753.0,MatterPort,2683.0
48,0.0,42.0,0.0,Hipmunk,78.0
49,57.0,211.0,615.0,JBara,690.0
50,0.0,8.0,1.0,CStorePro,1.0
51,206.0,586.0,1112.0,MedCPU,1928.0
52,,,,Sift Science,
53,0.0,1.0,30.0,Securly,181.0
54,127.0,1117.0,809.0,Captricity,3396.0
55,1343.0,7456.0,3085.0,Placester,20555.0
56,2545.0,421167.0,733.0,Reddit,82188.0
57,487.0,7130.0,4117.0,Sparefoot,14985.0
58,109.0,875.0,316.0,Checkr,614.0
59,0.0,9.0,1.0,Crittercism,1.0
60,28.0,319.0,728.0,CoreOS,1191.0
61,1979.0,82115.0,3864.0,Scribd,12429.0
62,2932.0,16966.0,5893.0,SendGrid,16116.0
63,4909.0,41369.0,384.0,Songkick,16150.0
64,2.0,10942.0,1447.0,SCVNGR,2765.0
65,,,,Realty Mogul,
66,228.0,15323.0,5366.0,Grockit,7704.0
67,,,,Segment.io,
68,,,,noom,
69,38010.0,6085.0,1867.0,Clever,1669.0
70,,,,Five Stars,
71,3830.0,310207.0,319.0,Codecademy,15559.0
72,1487.0,5166.0,580.0,Cloudability,6201.0
73,1487.0,5166.0,580.0,Cloudability,6201.0
74,1487.0,5166.0,580.0,Cloudability,6201.0
75,796.0,8123.0,4477.0,Xobni,3555.0
76,2419.0,4422.0,738.0,FlightCar,3861.0
77,2419.0,4422.0,738.0,FlightCar,3861.0
78,,,,The Black Tux,
79,3466.0,16518.0,8507.0,PagerDuty,3608.0
80,3466.0,16518.0,8507.0,PagerDuty,3608.0
81,2.0,4.0,71.0,Sentinel,3.0
82,54.0,5242.0,4276.0,Loopt,2493.0
83,,,,Kit Check,
84,49.0,479.0,404.0,OrderWithMe,280.0
85,33.0,133.0,168.0,6sense,1279.0
86,712.0,121386.0,1207.0,Weebly,18063.0
87,5923.0,8072.0,507.0,Kamcord,4688.0
88,5861.0,3613688.0,1252.0,Twitch,13301.0
89,237.0,9869.0,368.0,Synack,668.0
90,719.0,4208.0,1374.0,RealtyShares,1842.0
91,164.0,1616.0,1828.0,Roximity,308.0
92,355.0,693.0,197.0,Clutter,401.0
93,861.0,19483.0,321.0,GrubMarket,1239.0
94,415.0,2491.0,2381.0,Kinnek,985.0
95,194.0,198.0,286.0,Meteor,2911.0
96,14134.0,60209.0,2067.0,ClassDojo,25919.0
97,0.0,0.0,0.0,Memebox,0.0
98,6529.0,5944.0,1860.0,Degreed,5808.0
99,,,,Comprehend Systems,
100,,,,Club W,
101,42.0,210.0,352.0,ClubW,83.0
102,,,,Science Exchange,
103,0.0,382.0,409.0,Whill,1006.0
104,,,,Keen.io,
105,0.0,16.0,1.0,Dotcloud,0.0
106,3243.0,225.0,190.0,TriggerMail,174.0
107,,,,Ginger.io,
108,,,,Your Mechanic,
109,4080.0,7080.0,421.0,SpotHero,14729.0
110,,,,Le Tote,
111,,,,Threat Stack,
112,0.0,280.0,50.0,buzztable,160.0
113,3651.0,8892.0,329.0,EatStreet,4201.0
114,2963.0,3824.0,1668.0,AppsFlyer,5792.0
115,3116.0,2261.0,492.0,Flexport,1151.0
116,3326.0,3688.0,665.0,Vungle,2167.0
117,0.0,11.0,12.0,Eligible,35.0
118,93.0,34.0,30.0,Norse,310.0
119,1078.0,6209.0,410.0,GoCardless,3818.0
120,613.0,10437.0,334.0,talkdesk,8965.0
121,2444.0,9243.0,352.0,Automatic,9965.0
122,0.0,18.0,4.0,mindmixer,0.0
123,,,,Kontagent,
124,31.0,7079.0,3076.0,Basekit,5621.0
125,2686.0,12664.0,6813.0,Bugcrowd,7545.0
126,4828.0,8108.0,2946.0,Algolia,2284.0
127,315.0,1372.0,2862.0,Quartzy,961.0
128,138.0,1332.0,534.0,Swiftype,775.0
129,78.0,4.0,92.0,Whipsmart,144.0
130,0.0,4.0,0.0,NoWait,0.0
131,,,,Move Loot,
132,963.0,33556.0,20383.0,FutureAdvisor,6469.0
133,2181.0,38134.0,3703.0,Tout,7270.0
134,1491.0,3936.0,2270.0,olapic,3620.0
135,294.0,40278.0,1421.0,Occipital,1705.0
136,415.0,12615.0,476.0,Bitcasa,3045.0
137,906.0,346.0,280.0,Rescale,2982.0
138,585.0,2117.0,1551.0,TrendKite,1335.0
139,585.0,2117.0,1551.0,DewMobile,1335.0
140,7894.0,4167.0,2993.0,Bump,24626.0
141,139.0,157.0,755.0,Younity,785.0
142,,,,Fashion Project,
143,0.0,0.0,0.0,ChatID,0.0
144,4.0,40.0,14.0,NextInput,5.0
145,136.0,447.0,430.0,Cureatr,442.0
146,,,,TheBouqs,
147,24.0,1106.0,1992.0,ServiceTitan,1684.0
148,2799.0,7306.0,2489.0,Kapost,33914.0
149,1546.0,10402.0,2092.0,FullContact,3068.0
150,3.0,307.0,21.0,Cruise,3.0
151,2423.0,9760.0,2863.0,Virool,5140.0
152,910.0,67333.0,969.0,MoPub,3227.0
153,204.0,117.0,299.0,Apptimize,169.0
154,,,,Cloudant,
155,284.0,67.0,218.0,Meerkat,166.0
156,,,,Raven Tech,
157,0.0,59.0,30.0,Apester,11.0
158,463.0,11334.0,434.0,LockerDome,4185.0
159,,,,The Resumator,
160,610.0,5143.0,2798.0,Kinvey,6432.0
161,12945.0,7742.0,1376.0,Contactually,14456.0
162,3808.0,2045.0,1098.0,ChowNow,5002.0
163,8078.0,3286.0,270.0,42floors,709.0
164,1840.0,3876.0,912.0,LeanPlum,1272.0
165,62819.0,27777.0,13042.0,Mattermark,7121.0
166,1322.0,742.0,564.0,Rocketrip,1788.0
167,88.0,16947.0,126.0,TouchofModern,2171.0
168,1526.0,1706.0,164.0,hellotech,427.0
169,0.0,0.0,0.0,AirHelp,0.0
170,1.0,2.0,3.0,TripleLift,1.0
171,2.0,19471.0,21793.0,OMGPOP,7020.0
172,1.0,662.0,63.0,SwipeSense,720.0
173,1288.0,13756.0,3394.0,Thread,1731.0
174,145.0,1785.0,1961.0,CrowdTwist,1758.0
175,,,,Rainforest QA,
176,0.0,9.0,2.0,MobileWorks,2.0
177,0.0,2.0,1.0,Mayvenn,21.0
178,,,,Panorama Education,
179,9.0,12.0,2.0,Latch,259.0
180,0.0,609.0,0.0,Panorama,0.0
181,2394.0,3353.0,2834.0,FarmLogs,1287.0
182,534.0,3033.0,2882.0,Volta,4401.0
183,,,,visual.ly,
184,,,,Thalmic Labs,
185,110.0,2501.0,72.0,AeroFS,715.0
186,0.0,3.0,1.0,ClearTax,5.0
187,52255.0,20828.0,3348.0,ViralGains,5390.0
188,144.0,1022.0,149.0,Lystable,209.0
189,64.0,462.0,417.0,Innovaccer,708.0
190,,,,ProcuredHealth,
191,0.0,14.0,13.0,URX,55.0
192,0.0,0.0,0.0,Caviar,0.0
193,10728.0,1043.0,738.0,SeamlessDocs,1172.0
194,1218.0,3004.0,1413.0,EverTrue,5343.0
195,349.0,897.0,362.0,BuildZoom,1460.0
196,809.0,2211.0,535.0,FoodEssentials,3593.0
197,918.0,4962.0,2145.0,CompStak,3061.0
198,91.0,1279.0,123.0,Transcriptic,226.0
199,1796.0,2011.0,819.0,Anyperk,3512.0
200,1294.0,2357.0,637.0,LISNR,2117.0
201,1244.0,6903.0,1436.0,Pipedrive,7191.0
202,2399.0,378083.0,15275.0,Timehop,11245.0
203,3995.0,13473.0,5930.0,UpCounsel,5843.0
204,625.0,6216.0,6115.0,Boomtrain,3359.0
205,4046.0,15149.0,1936.0,Estimote,4325.0
206,405.0,8273.0,1270.0,GrabCAD,3878.0
207,405.0,8273.0,1270.0,GrabCad,3878.0
208,899.0,913.0,429.0,ElasticBox,1374.0
209,3.0,9.0,20.0,Shopular,34.0
210,2104.0,1270.0,640.0,Granify,3523.0
211,4.0,1.0,0.0,SpoonRocket,0.0
212,,,,NuLabel Technologies,
213,0.0,4.0,3.0,Havenly,2.0
214,,,,Machine Zone,
215,1.0,5188.0,477.0,Karma,2370.0
216,,,,Adapt.ly,
217,,,,Citus Data,
218,1975.0,87322.0,1524.0,Heroku,3198.0
219,0.0,5.0,3.0,Neura,2.0
220,456.0,4569.0,530.0,Matternet,2851.0
221,,,,TakeTheInterview,
222,28.0,1557.0,670.0,500Friends,2886.0
223,158.0,547.0,156.0,Prevoty,697.0
224,1954.0,10532.0,1964.0,RadPad,4222.0
225,1.0,101.0,103.0,chute,101.0
226,1.0,101.0,103.0,Chute,101.0
227,1.0,32.0,0.0,Number26,1.0
228,,,,NBD Nanotechnologies,
229,,,,fenix intl,
230,0.0,0.0,0.0,Tourlandish,8.0
231,0.0,213.0,149.0,Headout,5.0
232,27630.0,62750.0,3736.0,Contently,19324.0
233,186.0,2123.0,133.0,Preact,1412.0
234,943.0,890.0,426.0,FeeX,1458.0
235,152.0,1218.0,484.0,PromisePay,328.0
236,3543.0,18946.0,542.0,RethinkDB,2635.0
237,1093.0,2768.0,2707.0,BloomBoard,2703.0
238,1.0,30.0,0.0,Coursekit,1.0
239,1239.0,3846.0,111.0,Magic,1103.0
240,,,,Romotive,
241,,,,Helion Energy,
242,553.0,4206.0,2309.0,Paintzen,2756.0
243,2075.0,3999.0,841.0,Indinero,2397.0
244,14.0,228.0,183.0,RunTitle,41.0
245,331.0,1677.0,10.0,Gem,118.0
246,0.0,3.0,0.0,Gobble,0.0
247,,,,phone halo,
248,307.0,1310.0,730.0,Nestio,1283.0
249,3121.0,9287.0,6897.0,Connectifier,625.0
250,3121.0,9287.0,6897.0,Connectifier,625.0
251,460.0,1320.0,62.0,Razorpay,311.0
252,19303.0,18452.0,1836.0,3Dhubs,8680.0
253,5129.0,3452.0,1430.0,SmartAsset,17766.0
254,1207.0,10782.0,3037.0,Codeship,17444.0
255,58857.0,28028.0,474.0,Jukely,4760.0
256,10760.0,11202.0,5060.0,SalesLoft,21299.0
257,234.0,1982.0,267.0,Osper,926.0
258,557.0,308529.0,193.0,Listia,4777.0
259,3702.0,26471.0,1274.0,FairPhone,7095.0
260,0.0,82.0,40.0,CyberX,0.0
261,3315.0,11670.0,592.0,DroneDeploy,2749.0
262,1548.0,6754.0,3432.0,BitAccess,745.0
263,258.0,395.0,1144.0,GeoSpock,664.0
264,4.0,4875.0,2884.0,CarWoo,5115.0
265,434.0,1697.0,1251.0,Afluenta,3669.0
266,47.0,492.0,467.0,Vadio,1133.0
267,47.0,492.0,467.0,Vadio,1133.0
268,98.0,1808.0,250.0,CareMessage,838.0
269,25.0,155.0,4.0,zenchef,16.0
270,1493.0,2898.0,2431.0,Bizible,3669.0
271,36.0,127.0,71.0,InternMatch,89.0
272,370.0,1941.0,939.0,SimpleReach,1131.0
273,29417.0,4701.0,2816.0,AdsNative,1257.0
274,169.0,680.0,141.0,Cymmetria,833.0
275,444.0,2305.0,1141.0,FishBrain,748.0
276,0.0,5.0,5.0,Beamit,1.0
277,3530.0,16615.0,229.0,Disqus,23423.0
278,596.0,1147.0,0.0,OrderAhead,2436.0
279,6.0,593.0,7.0,955dreams,144.0
280,,,,Post-Quantum,
281,,,,Good.co,
282,,,,Sano Intelligence,
283,840.0,381.0,420.0,QuanTemplate,254.0
284,138.0,1590.0,325.0,Wellframe,411.0
285,5.0,48.0,28.0,RocksBox,10.0
286,101.0,75747.0,6711.0,Posterous,1920.0
287,120.0,24121.0,135.0,StatMuse,2144.0
288,0.0,17.0,18.0,Shippable,2.0
289,338.0,4023.0,2478.0,Zipongo,2326.0
290,338.0,4023.0,2478.0,zipongo,2326.0
291,,,,Take Comics,
292,172.0,129655.0,991.0,Parachute,16447.0
293,370.0,1941.0,64.0,SendHub,1129.0
294,,,,Lua Technologies,
295,7718.0,4798.0,2778.0,Springbot,7929.0
296,0.0,91.0,131.0,ecoVent,296.0
297,0.0,8.0,0.0,Scriptrock,1.0
298,10.0,71.0,203.0,Cozy,83.0
299,734.0,1863.0,770.0,CloudMine,3691.0
300,14.0,29.0,46.0,Wynd,92.0
301,0.0,48.0,10.0,Jinn,54.0
302,627.0,1552.0,1831.0,Aisle411,1225.0
303,8.0,12.0,1.0,Bonfyre,4.0
304,46.0,72.0,94.0,Chromatik,309.0
305,126.0,940.0,324.0,Neurotrack,1825.0
306,1.0,158.0,59.0,Podimetrics,13.0
307,,,,Retention Science,
308,555.0,55592.0,994.0,Periscope,2992.0
309,12393.0,13865.0,2635.0,SketchFab,18197.0
310,0.0,121.0,49.0,AlephCloud,107.0
311,12393.0,13865.0,2635.0,Sketchfab,18197.0
312,2.0,29.0,32.0,Understory,83.0
313,311.0,1569.0,3280.0,GoSpotCheck,1748.0
314,38838.0,8748.0,2861.0,CoachUp,5934.0
315,2286.0,1108.0,465.0,Lob,1026.0
316,,,,CoolChip Technologies,
317,5.0,13.0,7.0,Lingvist,15.0
318,0.0,49.0,149.0,Superb,2.0
319,13569.0,8619.0,6752.0,Apptentive,11084.0
320,,,,True Facet,
321,13569.0,8619.0,6752.0,Lytics,11084.0
322,655.0,791.0,939.0,Iterable,1514.0
323,182.0,3472.0,216.0,BTCjam,859.0
324,4200.0,405.0,722.0,Zesty,21123.0
325,0.0,1.0,1.0,DrillMap,1.0
326,1002.0,2616.0,2033.0,miiCard,10017.0
327,0.0,96.0,10.0,Errplane,41.0
328,0.0,2.0,1.0,KeyWee,6.0
329,2965.0,2482.0,1540.0,Final,832.0
330,2965.0,2482.0,1540.0,Final,832.0
331,1357.0,3810.0,3181.0,Profitero,10127.0
332,,,,Direct Match,
333,,,,Campus Job,
334,0.0,2.0,0.0,Owlet,1.0
335,224.0,7738.0,5999.0,zemanta,5641.0
336,1243.0,1119.0,722.0,BrightFunnel,1096.0
337,194.0,4487.0,2049.0,SimpleEnergy,966.0
338,63362.0,16478.0,2136.0,Storefront,15185.0
339,89.0,2543.0,1999.0,Bitium,1667.0
340,1.0,33.0,73.0,Evermind,100.0
341,573.0,2197.0,1026.0,Casetext,942.0
342,30.0,212.0,190.0,Pangea,5.0
343,1.0,7.0,11.0,ExecOnline,1.0
344,1157.0,3031.0,1084.0,Zagster,1202.0
345,237.0,686.0,661.0,KnowRe,725.0
346,,,,Apiary.io,
347,2.0,30.0,22.0,Narvii,37.0
348,149.0,290.0,732.0,TrialBee,365.0
349,479.0,927.0,140.0,SimplyInsured,233.0
350,,,,Varsity News Network,
351,,,,Mango Health,
352,,,,Food.ee,
353,,,,Tuition.io,
354,36.0,745.0,1865.0,Covertix,11400.0
355,128.0,2809.0,143.0,NoRedInk,515.0
356,1316.0,3507.0,491.0,BlueSmart,983.0
357,266.0,42900.0,495.0,Heyzap,722.0
358,,,,Next Big Sound,
359,,,,Next Big Sound,
360,,,,Patients Know Best ,
361,546.0,1934.0,282.0,Wercker,2326.0
362,21.0,302.0,746.0,FloQast,568.0
363,10539.0,3123.0,2441.0,Placemeter,3830.0
364,160.0,3606.0,593.0,Trustev,1247.0
365,162.0,1266.0,41.0,Tray,798.0
366,162.0,1266.0,41.0,Tray,798.0
367,24.0,230.0,52.0,EquipmentShare,24.0
368,40.0,6027.0,788.0,Survata,310.0
369,875.0,2101.0,1777.0,Tradegecko,2290.0
370,1277.0,3063.0,1460.0,MindSnacks,1678.0
371,0.0,18.0,0.0,Fieldwire,0.0
372,,,,NextGxDx,
373,28.0,1114.0,705.0,Nimbix,1282.0
374,264.0,1345.0,1166.0,Chewse,1240.0
375,5458.0,4252.0,823.0,Bloomthat,4798.0
376,246.0,2103.0,876.0,Jampp,778.0
377,42212.0,166181.0,8.0,ProductHunt,70076.0
378,0.0,13.0,1.0,Everpath,1.0
379,55.0,550.0,1836.0,imagevisionlabs,2093.0
380,0.0,37.0,88.0,Hapara,30.0
381,0.0,13.0,0.0,Flixmaster,1.0
382,1756.0,1919.0,570.0,Testlio,1554.0
383,2154.0,237.0,523.0,Filament,8234.0
384,0.0,0.0,178.0,Paperspace,0.0
385,0.0,134.0,8.0,Cinemacraft,173.0
386,0.0,134.0,8.0,Cinemacraft,173.0
387,,,,Perlstein Lab,
388,3031.0,32386.0,251.0,GitLab,13580.0
389,0.0,4.0,0.0,Mobiplug,2.0
390,0.0,63.0,0.0,theDailyMuse,0.0
391,4.0,1083.0,0.0,Boxbee,15.0
392,8184.0,1921.0,18.0,LawnStarter,239.0
393,0.0,0.0,0.0,SchoolMint,0.0
394,2587.0,8225.0,1532.0,BloomNation,2174.0
395,65.0,1063.0,1377.0,iVEDiX,7415.0
396,0.0,2.0,1.0,DoPay,15.0
397,28.0,10345.0,12.0,DailyBooth,5466.0
398,8847.0,2619.0,1379.0,Koofers,1972.0
399,0.0,29.0,20.0,Parse,4.0
400,5693.0,41783.0,3.0,Firebase,1836.0
401,436.0,106.0,119.0,MangoPlate,184.0
402,17.0,157.0,175.0,MediSafe,115.0
403,85.0,2182.0,801.0,Elliptic,462.0
404,8847.0,2619.0,1379.0,Koofers,1972.0
405,337.0,1523.0,2206.0,DroneBase,367.0
406,0.0,5.0,19.0,Kindara,1.0
407,15145.0,4016.0,2933.0,PivotDesk,5885.0
408,172.0,3129.0,70.0,CultureAlley,853.0
409,,,,Hassle.com,
410,204.0,207.0,181.0,splitsecnd,361.0
411,3155.0,829.0,1061.0,AdYapper,1673.0
412,16.0,373.0,1035.0,Deako,3087.0
413,,,,Chart.io,
414,370.0,5319.0,25.0,Taxibeat,3424.0
415,1.0,32.0,221.0,Centzy,26.0
416,,,,Dr Chrono,
417,483.0,499.0,348.0,PanOpen,1133.0
418,,,,Condition ONE,
419,0.0,91.0,12.0,HumanAPI,90.0
420,0.0,3.0,9.0,CloudMedX,0.0
421,,,,Front Row,
422,0.0,8.0,8.0,Atomwise,0.0
423,730.0,1973.0,1469.0,PublicStuff,3234.0
424,593.0,1568.0,500.0,Wevorce,2979.0
425,1993.0,1920.0,1715.0,Custora,3518.0
426,614.0,5317.0,776.0,FundersClub,1150.0
427,1.0,9.0,17.0,Panjo,0.0
428,524.0,6189.0,612.0,Hullabalu,464.0
429,3.0,13.0,0.0,MongoHQ,2.0
430,0.0,4.0,1.0,Littlstar,10.0
431,774.0,8967.0,1019.0,Drippler,15382.0
432,31.0,460.0,178.0,Jintronix,335.0
433,3399.0,29532.0,469.0,Memrise,5519.0
434,,,,WealthAccess,
435,265.0,10914.0,11419.0,EveryMove,2481.0
436,571.0,5869.0,1520.0,RoundPegg,2704.0
437,6786.0,5032.0,5436.0,Hall,200660.0
438,6786.0,5032.0,5436.0,Hall,200660.0
439,32168.0,2094.0,1828.0,ReviewTrackers,5830.0
440,1406.0,8440.0,3404.0,Parsely,6244.0
441,0.0,19.0,0.0,Catalyze,24.0
442,,,,Insurance Zebra,
443,22.0,7980.0,249.0,OnSwipe,1205.0
444,0.0,5.0,0.0,EDITD,0.0
445,,,,Aunt Bertha,
446,148.0,657.0,188.0,Regalii,666.0
447,2271.0,1907.0,43.0,sensay,681.0
448,785.0,1247.0,502.0,Notion,1087.0
449,0.0,14.0,38.0,ABODO,64.0
450,,,,ParLevel Systems,
451,15.0,598.0,325.0,Tracelytics,424.0
452,18.0,10571.0,82.0,Tapatalk,2914.0
453,0.0,4.0,0.0,ThriveHive,0.0
454,,,,Ovuline,
455,1280.0,3019.0,2635.0,eSparkLearning,2977.0
456,50.0,177.0,156.0,Emailage,410.0
457,1184.0,2179.0,1109.0,CellScope,1141.0
458,,,,Globe Sherpa,
459,430.0,2718.0,881.0,StarStreet,4198.0
460,0.0,36.0,18.0,Angaza,2.0
461,2507.0,1652.0,1007.0,Wymsee,744.0
462,,,,Indow Windows,
463,60.0,158.0,32.0,Protenus,123.0
464,663.0,1559.0,223.0,BitPagos,484.0
465,3041.0,5199.0,2943.0,Holvi,5401.0
466,3.0,768.0,76.0,Aisle50,724.0
467,31.0,2352.0,661.0,Exo,65.0
468,0.0,2.0,53.0,UMake,130.0
469,1125.0,3956.0,3538.0,Ambassador,3242.0
470,0.0,72.0,0.0,EveryMe,1.0
471,0.0,488.0,2.0,Seed,20.0
472,19.0,491.0,15.0,Moni,247.0
473,71657.0,12473.0,384.0,Fancred,21070.0
474,0.0,1714.0,407.0,Mocavo,1089.0
475,26.0,411.0,427.0,Invi,80.0
476,103.0,1923.0,197.0,Brandlive,1205.0
477,1.0,5.0,6.0,Pigeonly,11.0
478,611.0,3093.0,524.0,ChoreMonster,3269.0
479,611.0,3093.0,524.0,ChoreMonster,3269.0
480,306.0,40.0,266.0,LocBox,375.0
481,,,,Tap.Me,
482,0.0,0.0,1.0,ShipBob,0.0
483,224.0,371.0,699.0,flexReceipts,893.0
484,390.0,4312.0,3116.0,RolePoint,4965.0
485,,,,72Lux,
486,,,,central.ly,
487,0.0,9.0,0.0,Lifecrowd,151.0
488,756.0,5176.0,2057.0,Weave,4114.0
489,,,,Aire,
490,2141.0,36701.0,841.0,AlphaDraft,4742.0
491,0.0,2.0,3.0,mPharma,5.0
492,227.0,621.0,798.0,HYP3R,267.0
493,724.0,28954.0,18860.0,uBiome,5177.0
494,724.0,28954.0,18860.0,uBiome,5177.0
495,1.0,794.0,9.0,Astro,48.0
496,,,,Systematic Revenue,
497,,,,Freight Farms,
498,,,,ShareRoot Inc,
499,16.0,2505.0,0.0,MinoMonsters,149.0
500,16318.0,11614.0,3188.0,SplashScore,9468.0
501,16318.0,11614.0,3188.0,Splashscore,9468.0
502,0.0,8.0,0.0,Wunder,0.0
503,0.0,8.0,0.0,Taplytics,0.0
504,41.0,108.0,120.0,Augment,2249.0
505,4251.0,5237.0,1208.0,ReadyForZero,17229.0
506,0.0,0.0,1.0,Pingage,0.0
507,424.0,3469.0,89.0,Moveline,1322.0
508,579.0,764.0,476.0,MXD3D,1025.0
509,2717.0,3364.0,1179.0,ParkingPanda,5859.0
510,0.0,31.0,0.0,Greplin,0.0
511,3506.0,6440.0,2196.0,Learnsprout,4134.0
512,425.0,3802.0,237.0,Traity,1038.0
513,425.0,3802.0,237.0,Traity,1038.0
514,2.0,60.0,8.0,ooomf,2.0
515,714.0,2395.0,2139.0,ThinkCERCA,3533.0
516,0.0,4.0,0.0,Yieldmetrics,5.0
517,8871.0,6970.0,1076.0,Watsi,5277.0
518,3506.0,6440.0,2196.0,LearnSprout,4134.0
519,3038.0,2448.0,2119.0,Aceable,6588.0
520,0.0,2.0,3.0,eyeQ,0.0
521,1570.0,5955.0,1109.0,Peerby,4346.0
522,1570.0,5955.0,1109.0,Peerby,4346.0
523,436.0,33650.0,31077.0,Dealflicks,3518.0
524,436.0,33650.0,31077.0,Dealflicks,3518.0
525,130.0,4.0,46.0,LabDoor,349.0
526,130.0,4.0,46.0,Labdoor,349.0
527,5.0,50.0,50.0,Luka,145.0
528,13.0,4920.0,3256.0,BabbaCo,6390.0
529,0.0,4.0,6.0,Bellabeat,10.0
530,0.0,11.0,0.0,BabyWatch,0.0
531,403.0,970.0,337.0,Tred,1462.0
532,,,,Notable Labs,
533,,,,Humble Bundle,
534,,,,Filament Labs,
535,34.0,2474.0,745.0,Ark,834.0
536,677.0,52370.0,40909.0,Gremln,15032.0
537,677.0,52370.0,40909.0,gremln,15032.0
538,14.0,23.0,19.0,Sourceasy,23.0
539,876.0,7551.0,1824.0,Grove,3916.0
540,107.0,128.0,425.0,CareSkore,275.0
541,306.0,3107.0,341.0,Upverter,1856.0
542,0.0,24.0,1.0,Megaphone,1096.0
543,,,,Vantage Sports,
544,0.0,4.0,26.0,EdTrips,43.0
545,1728.0,12109.0,12186.0,PetCube,1261.0
546,73.0,3773.0,2759.0,Farmeron,2019.0
547,73.0,3773.0,2759.0,FarmerOn,2019.0
548,3012.0,1964.0,665.0,Jopwell,2320.0
549,,,,Alpine Replay,
550,256.0,889.0,519.0,Properati,260.0
551,78.0,1496.0,1319.0,Erply ,1334.0
552,6.0,211.0,11.0,Orchestrate,524.0
553,0.0,1.0,3.0,Sqord,6.0
554,0.0,32.0,0.0,Pair,1.0
555,,,,EverSport Media,
556,1053.0,160071.0,49.0,Kickback,1901.0
557,3022.0,4263.0,3485.0,Pogoseat,4205.0
558,266.0,611.0,230.0,SkySpecs,255.0
559,1809.0,3641.0,513.0,Pilot,9155.0
560,814.0,10429.0,1615.0,Tempo,7965.0
561,212.0,676.0,1411.0,ClassWallet,1086.0
562,3.0,82.0,106.0,Glyphr,50.0
563,0.0,33.0,0.0,Edulender,1.0
564,156.0,2027.0,1518.0,SideTour,1729.0
565,16922.0,99205.0,6431.0,DanceOn,13514.0
566,207843.0,83088.0,504.0,Beep,46324.0
567,,,,Shelby.tv,
568,1189.0,8316.0,4.0,checkthis,2585.0
569,,,,Giant Thinkwell,
570,240985.0,625726.0,63860.0,Buffer,303134.0
571,1648.0,4204.0,1838.0,MakieLab,3846.0
572,11558.0,25285.0,4634.0,Scentbird,7051.0
573,,,,Click With Me Now,
574,427.0,6998.0,10.0,PIxate,1816.0
575,0.0,15.0,1.0,Shakr,4.0
576,,,,Meal Ticket,
577,124.0,75.0,95.0,Amicus,611.0
578,,,,sense.ly,
579,1856.0,13121.0,244.0,TradingView,129267.0
580,157.0,6104.0,572.0,Verbling,1483.0
581,0.0,2.0,5.0,Drifty,0.0
582,,,,Happy Inspector,
583,2360.0,5455.0,770.0,Enplug,1994.0
584,0.0,83.0,2.0,Plumzi,6.0
585,,,,Ninja Blocks,
586,0.0,16.0,2.0,SnowShoe,3.0
587,0.0,16.0,2.0,SnowShoe,3.0
588,,,,wise.io,
589,,,,Balanced Payments,
590,2265.0,1422.0,1096.0,Aircall,3465.0
591,,,,Winnow Solutions,
592,36.0,292.0,326.0,Conspire,1410.0
593,0.0,8.0,2.0,Mobilligy,7.0
594,7123.0,12519.0,3910.0,Battlefy,4135.0
595,,,,Captain 401,
596,483.0,1175.0,620.0,Abacus,1159.0
597,1479.0,4189.0,859.0,EquityZen,2434.0
598,,,,Afrimarket,
599,0.0,0.0,2.0,Bitfinder,2.0
600,0.0,21.0,1329.0,Allay,1.0
601,446.0,521.0,30.0,EasyPost,646.0
602,,,,Touch.vu,
603,,,,SeeingInteractive,
604,,,,Big Frame,
605,0.0,800.0,1105.0,Callinize,3.0
606,,,,True Link Financial,
607,440.0,730.0,530.0,Chargifi,805.0
608,,,,Little Bird,
609,,,,Kingdom Scene Endeavors,
610,0.0,6.0,15.0,kwaga,0.0
611,0.0,0.0,1.0,Avanoo,0.0
612,2.0,115.0,419.0,Natero,273.0
613,54327.0,24446.0,2865.0,RoadTrippers,25133.0
614,3436.0,1563.0,1287.0,Revolar,3571.0
615,,,,SocialSign.in,
616,6068.0,72659.0,1183.0,Tunespeak,13382.0
617,8.0,1953.0,1555.0,Totspot,1849.0
618,397.0,319.0,441.0,OnboardIQ,178.0
619,0.0,1.0,0.0,Gymtrack,0.0
620,0.0,2.0,3.0,Socialbro,0.0
621,2876.0,7229.0,198.0,ZenMate,3795.0
622,118.0,3370.0,825.0,UsingMiles,2548.0
623,8.0,140.0,1.0,Knyttan,2.0
624,,,,Desktop Genetics,
625,10.0,227.0,115.0,Boostable,180.0
626,0.0,15.0,25.0,Tastemaker,0.0
627,8056.0,41.0,148.0,MailTime,682.0
628,1683.0,6646.0,456.0,AdEspresso,6174.0
629,0.0,0.0,1.0,Indico,1.0
630,0.0,2.0,1.0,Murfie,1.0
631,481.0,923.0,926.0,Testive,2172.0
632,,,,Mortar Data,
633,1240.0,1768.0,571.0,CrowdMed,618.0
634,,,,Careport Health,
635,3.0,12.0,21.0,Skymind,69.0
636,,,,FEM Inc.,
637,721.0,2787.0,62.0,Adstruc,7488.0
638,3149.0,1937.0,2170.0,Brandfolder,4814.0
639,488.0,1154.0,658.0,VideoElephant,1692.0
640,14.0,108.0,250.0,Lettuce,107.0
641,1526.0,7347.0,6453.0,Workana,7747.0
642,3579.0,7501.0,4316.0,LovePop,4719.0
643,,,,OnTheGo Platforms,
644,2.0,5.0,2.0,hapyrus,0.0
645,252.0,1105.0,1398.0,Agentdesks,3377.0
646,2839.0,8423.0,3340.0,Educents,14605.0
647,3.0,58.0,11.0,CirroSecure,20.0
648,369.0,11793.0,1344.0,Acceptd,3171.0
649,,,,Immersive Labs,
650,11.0,520.0,202.0,HighlightCam,925.0
651,0.0,0.0,0.0,10Sheet,0.0
652,53.0,219.0,89.0,SwapBox,202.0
653,9441.0,8872.0,6317.0,Goldbely,8429.0
654,0.0,41.0,5.0,Healthify,3.0
655,0.0,1.0,0.0,AuditFile,0.0
656,0.0,0.0,1.0,Triplebyte,1.0
657,,,,Rigetti Quantum Computing,
658,,,,Chariot,
659,0.0,1.0,0.0,Smarking,5.0
660,69.0,205.0,66.0,imperson,85.0
661,1016.0,211.0,175.0,AppZen,353.0
662,1190.0,1480.0,1038.0,Unbabel,619.0
663,0.0,1.0,0.0,Wakie,2.0
664,,,,Rigetti Computing,
665,,,,Wit.ai,
666,346.0,942.0,759.0,SendCloud,557.0
667,397.0,12482.0,8617.0,Nexercise,5441.0
668,250.0,692.0,467.0,SupplyHog,895.0
669,250.0,692.0,467.0,SupplyHog,895.0
670,,,,soil IQ,
671,103.0,1933.0,1.0,Atlas,99.0
672,286.0,473.0,743.0,24symbols,777.0
673,179.0,581.0,374.0,Treatspace,419.0
674,323.0,2140.0,423.0,BidAway,114.0
675,0.0,17.0,10.0,CribSpot,12.0
676,,,,Lucena Research,
677,4127.0,125.0,81.0,Lattice,57817.0
678,45.0,156.0,164.0,Webflow,341.0
679,,,,Circle Medical,
680,139.0,535.0,1413.0,minubo,1221.0
681,,,,AllTrails.com,
682,6.0,177.0,4.0,MightyHive,42.0
683,0.0,0.0,3.0,SnipSnap,2.0
684,,,,Valor Water Analytics,
685,0.0,0.0,3.0,Valor Water Analytics,2.0
686,,,,Pivot Freight,
687,120.0,902.0,1602.0,Selligy,4357.0
688,,,,FormaFina,
689,447.0,1337.0,1998.0,Cuseum,517.0
690,,,,Click & Grow,
691,0.0,175.0,22.0,ReportGrid,159.0
692,522.0,2950.0,1295.0,Kicksend,828.0
693,1087.0,7176987.0,9.0,9GAG,32531.0
694,590.0,702.0,403.0,Medopad,907.0
695,70.0,45.0,104.0,Zenysis,3.0
696,53.0,7323.0,22.0,TradeBlock,547.0
697,161.0,1843.0,1957.0,Promoboxx,2080.0
698,,,,Turnstyle Solutions,
699,,,,Castle,
700,,,,DAVO Technologies,
701,0.0,1764.0,62.0,Cloudkick,334.0
702,193.0,1455.0,661.0,TrueAbility,2766.0
703,0.0,9.0,6.0,YottaClick,9.0
704,439.0,1040.0,2995.0,CredSimple,4609.0
705,172.0,671.0,1011.0,Pipefy,526.0
706,1589.0,3850.0,851.0,AppyCouple,10701.0
707,372.0,1673.0,804.0,Ubooly,2062.0
708,,,,Smart Toy,
709,14.0,2.0,15.0,Tutum,1.0
710,0.0,2.0,0.0,Backand,2.0
711,,,,eCommHub,
712,,,,Standard Treasury,
713,,,,Two Tap,
714,,,,Msg.ai,
715,55.0,208.0,136.0,Fanbread,87.0
716,,,,One Month Rails,
717,0.0,4.0,23.0,ProSky,0.0
718,13.0,214.0,76.0,TissueAnalytics,75.0
719,72.0,1266.0,562.0,Brainient ,988.0
720,,,,Airenvy,
721,1364.0,3883.0,1639.0,PredictionIO,1142.0
722,33530.0,34037.0,3975.0,PumpUp,10061.0
723,32.0,2422.0,1108.0,HealthCrowd,1345.0
724,0.0,0.0,0.0,Saberr,2.0
725,0.0,8.0,24.0,Yhat,1.0
726,580.0,671.0,1969.0,Zen99,661.0
727,0.0,3.0,0.0,Pluot,0.0
728,880.0,1098.0,1030.0,Streamroot,716.0
729,35.0,224.0,214.0,oomnitza,206.0
730,1729.0,520.0,135.0,LaunchDarkly,1302.0
731,,,,Keona Health,
732,,,,Keona Health,
733,6.0,149.0,72.0,FlexMinder,152.0
734,9588.0,21562.0,296.0,Zapier,14777.0
735,0.0,6.0,1.0,GymPact,0.0
736,147.0,924.0,604.0,ValetAnywhere,384.0
737,,,,Kiwi Wearables,
738,355.0,2096.0,663.0,1000Memories,506.0
739,32879.0,6990.0,6964.0,LearnBop,11570.0
740,130.0,442.0,763.0,GreatHorn,544.0
741,,,,Keychain Logistics,
742,1439.0,716.0,1207.0,NarrativeDx,857.0
743,335.0,2037.0,2046.0,SimpleRelevance,5538.0
744,0.0,0.0,0.0,Zecter,0.0
745,,,,GiveForward,
746,120.0,404.0,281.0,MightySignal,118.0
747,0.0,1.0,0.0,vidcaster,0.0
748,,,,Mpowerplayer,
749,,,,Black Locus,
750,1.0,2385.0,3238.0,GetGoing,336.0
751,0.0,640.0,611.0,Locationary,149.0
752,19642.0,58440.0,884.0,Prizeo,6437.0
753,0.0,23.0,40.0,Sciencescape,1.0
754,919.0,1244.0,155.0,BioBots,572.0
755,356.0,15200.0,13966.0,TrueVault,1228.0
756,2.0,1.0,0.0,Xfers,0.0
757,,,,Wheelys Cafe,
758,,,,Spoon University,
759,117.0,289.0,219.0,Klarismo,179.0
760,22.0,663.0,806.0,FreshPlum,145.0
761,0.0,1.0,0.0,vehcon,0.0
762,2.0,67.0,24.0,Estify,12.0
763,0.0,3.0,0.0,Footmarks,0.0
764,505.0,26103.0,634.0,Netra,78485.0
765,0.0,22.0,7.0,Qwiqq,0.0
766,169.0,424.0,295.0,71lbs,297.0
767,,,,Verbalize It,
768,234.0,3122.0,169.0,iBillionaire,3398.0
769,35796.0,118129.0,4011.0,Piper,19092.0
770,770.0,688.0,107.0,Sharethebus,1181.0
771,770.0,688.0,107.0,Sharethebus,1181.0
772,83238.0,11233.0,3235.0,Poptip,6993.0
773,53.0,556.0,200.0,Birdback,1054.0
774,556.0,3837.0,1053.0,AutoLotto,2001.0
775,1075.0,186.0,226.0,Wayerz,1900.0
776,51.0,5196.0,809.0,Wellth,19518.0
777,,,,4-Tell,
778,,,,IPTVBeat,
779,1589.0,2266.0,1387.0,Boom,3385.0
780,214.0,1280.0,429.0,AdhereTech,392.0
781,,,,Project Foundry,
782,,,,Liveoak Technologies,
783,0.0,267.0,0.0,oneforty,1.0
784,2036.0,22978.0,1797.0,Vango,22906.0
785,0.0,52.0,18.0,VOIQ,11.0
786,0.0,0.0,0.0,Graphenics,0.0
787,,,,Data Camp,
788,14.0,141.0,77.0,WellTrackONE,112.0
789,3.0,132.0,284.0,MobileSpan,192.0
790,5059.0,99889.0,4599.0,SmackHigh,43186.0
791,4093.0,18650.0,408.0,Padlet,3982.0
792,,,,Popular Pays,
793,,,,Varden Labs,
794,4093.0,18650.0,408.0,Padlet,3982.0
795,4624.0,1245.0,10.0,ZenProspect,8.0
796,3219.0,7535.0,1518.0,BorrowMyDoggy,22824.0
797,197.0,1161.0,1605.0,Brandid,3487.0
798,10382.0,755.0,746.0,CardinalBlue,72828.0
799,0.0,908.0,570.0,Mertado,862.0
800,3320.0,1636.0,1474.0,VIVE,1802.0
801,1416.0,864.0,18.0,Cleanly,2117.0
802,246.0,1265.0,110.0,Sendwithus,1198.0
803,3650.0,6859.0,2467.0,Showbie,6095.0
804,0.0,18.0,0.0,Metadata,0.0
805,0.0,18.0,0.0,Metadata,0.0
806,1.0,338.0,493.0,AppInside,674.0
807,0.0,6.0,29.0,Zzish,9.0
808,,,,Food Genius,
809,11.0,16.0,18.0,Shippo,1215.0
810,262.0,692.0,503.0,Lodgify,579.0
811,0.0,19.0,10.0,Notesolution,1.0
812,6.0,120.0,226.0,CitiLogics,77.0
813,0.0,13.0,0.0,Kickfolio,1.0
814,5797.0,16345.0,3104.0,Submittable,46701.0
815,4841.0,5972.0,4167.0,Wire,4140.0
816,23185.0,6291.0,4521.0,Jebbit,2106.0
817,0.0,0.0,0.0,Smyte,3.0
818,,,,Inside Social,
819,,,,Cloud 66,
820,3227.0,9126.0,6256.0,infinit,3172.0
821,3227.0,9126.0,6256.0,Infinit,3172.0
822,293.0,531.0,376.0,TagTagCity,837.0
823,,,,Stray Boots,
824,4228.0,65317.0,138.0,Platzi,18193.0
825,0.0,41.0,1.0,20n,0.0
826,1.0,2.0,25.0,Meadow,28.0
827,0.0,14.0,31.0,Paribus,94.0
828,0.0,2.0,0.0,Rallyware,0.0
829,322.0,1651.0,784.0,ActivityHero,5361.0
830,522.0,9918.0,27.0,Lockitron,2677.0
831,469.0,18636.0,348.0,Educreations,997.0
832,10.0,429.0,114.0,Geekatoo,283.0
833,119.0,526.0,142.0,SketchDeck,300.0
834,103.0,1933.0,1.0,Atlas,99.0
835,,,,Shift Payments,
836,1319.0,2547.0,1927.0,PlayMob,5502.0
837,136.0,586.0,982.0,Semantics3,618.0
838,3081.0,20237.0,11820.0,AdmitSee,4771.0
839,0.0,4.0,0.0,Rainbird,1.0
840,,,,Instant eSports,
841,0.0,12.0,21.0,Smore,1.0
842,964.0,2573.0,31.0,Moltin,1119.0
843,246.0,694.0,152.0,MTailor,481.0
844,964.0,2573.0,31.0,Moltin,1119.0
845,0.0,1.0,1.0,Pachyderm,2.0
846,444.0,483.0,466.0,PicnicHealth,367.0
847,533.0,452.0,649.0,SigOpt,76.0
848,614.0,1143.0,1251.0,Instabug,810.0
849,42.0,335.0,132.0,Betaout,374.0
850,690.0,5805.0,554.0,Vayable,3794.0
851,3.0,67.0,187.0,Triptrotting,8.0
852,690.0,5805.0,554.0,Vayable,3794.0
853,0.0,0.0,20.0,GeckoCap,1.0
854,720.0,6310.0,6212.0,SurpriseRide,6403.0
855,,,,Activity Stream,
856,0.0,937.0,0.0,Tiempo,1.0
857,0.0,68.0,1.0,Lully,0.0
858,1337.0,3623.0,107.0,Studypool,297.0
859,7.0,2928.0,187.0,CodeCombat,1182.0
860,2.0,24.0,22.0,Rover,9.0
861,13530.0,24899.0,9864.0,LoveWithFood,18818.0
862,19.0,6205.0,6002.0,Brightkite,5811.0
863,1631.0,403.0,279.0,Miner,981.0
864,478.0,1279.0,641.0,Blueboard,741.0
865,0.0,6.0,0.0,Outbound,1.0
866,89.0,255.0,210.0,ShoppinPal,573.0
867,,,,Canopy Labs,
868,0.0,5.0,0.0,MuuFri,0.0
869,0.0,5.0,0.0,Stream,0.0
870,170.0,352.0,548.0,Visiblee,1511.0
871,1185.0,1482.0,826.0,Partender,1522.0
872,739.0,749.0,599.0,GitPrime,1065.0
873,,,,Self Lender,
874,65.0,427.0,710.0,Shopventory,837.0
875,0.0,2.0,0.0,BlockScore,0.0
876,189.0,2769.0,2107.0,Famigo,4238.0
877,402.0,1212.0,784.0,Cognotion,795.0
878,,,,Bright Cellars,
879,0.0,11.0,8.0,Scanalytics,2.0
880,0.0,47.0,5.0,ResolutionTube,1.0
881,1.0,11.0,83.0,Cintric,11.0
882,1.0,702.0,1250.0,JobSync,1240.0
883,,,,Agile Diagnosis,
884,17446.0,8372.0,1039.0,Hopscotch,6559.0
885,13.0,31.0,166.0,Runnable,154.0
886,1.0,2622.0,1077.0,JamLegend,1683.0
887,,,,ElectNext,
888,,,,Patient Communicator,
889,6.0,311.0,405.0,DijiPOP,1143.0
890,70215.0,20936.0,1438.0,Shoptiques,13040.0
891,35.0,513.0,1326.0,Zencoder,875.0
892,123.0,1312.0,1984.0,MixRank,707.0
893,1.0,249.0,207.0,AgileDiagnosis,217.0
894,0.0,53.0,6.0,Amiato,6.0
895,,,,Doctrackr,
896,120367.0,2315.0,1692.0,CodeGuard,1447.0
897,170.0,6946.0,2093.0,Nuji,3316.0
898,,,,Heap Analytics,
899,,,,Twtrland,
900,,,,The History Project,
901,,,,Interviewed,
902,1592.0,7378.0,1747.0,Ambition,149.0
903,,,,Second Measure,
904,,,,Auro Robotics,
905,101687.0,2227.0,2267.0,Virtkick,1250.0
906,,,,Sliced Investing,
907,0.0,2.0,0.0,Misterbnb,0.0
908,,,,Framed Data,
909,,,,Bop.fm,
910,0.0,2.0,0.0,NexLP,0.0
911,87.0,508.0,105.0,ScopeAR,449.0
912,,,,docTrackr,
913,,,,We Are Colony,
914,0.0,218.0,70.0,BarTab,14.0
915,0.0,11.0,0.0,GoRefi,0.0
916,12.0,35.0,40.0,Ravelin,850.0
917,0.0,604.0,430.0,Marginize,227.0
918,,,,Syndicate Plus,
919,621.0,4841.0,5382.0,Pick1,1571.0
920,304.0,1293.0,760.0,Medicast,837.0
921,144.0,1225.0,1422.0,Enertiv,1864.0
922,0.0,8.0,0.0,Comeet,1.0
923,10380.0,14040.0,148.0,Streamup,3645.0
924,292.0,2081.0,2001.0,Libboo,7188.0
925,0.0,1.0,0.0,Kaymbu,0.0
926,141.0,1993.0,2583.0,Filtrbox,561.0
927,,,,BusyEvent,
928,87.0,811.0,266.0,CareAtHand,1076.0
929,302.0,5035.0,231.0,Astrid,3185.0
930,,,,Double Robotics,
931,,,,Lawn Love,
932,,,,Gone!,
933,,,,Dash Labs,
934,,,,Moxie Jean,
935,1261.0,350.0,778.0,Kato,3409.0
936,,,,Her,
937,38.0,339.0,1495.0,HomeTouch,3445.0
938,,,,Men's Style Lab,
939,,,,Rise Robotics,
940,0.0,0.0,0.0,Ube,0.0
941,145.0,424.0,487.0,Giftbit,391.0
942,5.0,60.0,36.0,Tagstand,28.0
943,1360.0,3604.0,414.0,Hedgeable,7706.0
944,1412.0,1133.0,88.0,Fixed,603.0
945,169.0,10762.0,70.0,WUZZUF,36118.0
946,459.0,10012.0,101.0,HRS,10148.0
947,2554.0,3439.0,1407.0,Formisimo,3747.0
948,,,,Apex Peak,
949,0.0,4.0,0.0,Stylect,1.0
950,0.0,4.0,0.0,Stylect,1.0
951,4.0,9240.0,409.0,FeeFighters,2722.0
952,43.0,524.0,706.0,Hiri,243.0
953,3613.0,8577.0,1666.0,Infiniscene,2193.0
954,85.0,850.0,420.0,SmartProcure,1583.0
955,38.0,1002.0,328.0,Socialize,862.0
956,1898.0,2545.0,2220.0,PersistIQ,2099.0
957,433.0,679.0,445.0,Mapkin,326.0
958,325.0,1227.0,1298.0,Juristat,1459.0
959,90.0,245.0,789.0,Optimitive,135.0
960,,,,Meetings.io,
961,30.0,760.0,809.0,Tutorspree,1190.0
962,,,,Filepicker.io,
963,2042.0,10494.0,7045.0,tackk,5198.0
964,1209.0,2016.0,774.0,Screenhero,2513.0
965,205.0,368.0,162.0,Cleanify,327.0
966,0.0,13.0,24.0,Codementor,6.0
967,1395.0,2467.0,1734.0,NeoReach,1654.0
968,0.0,4.0,0.0,eRated,0.0
969,0.0,14.0,52.0,Cladwell,27.0
970,,,,Invested.in,
971,621.0,692.0,586.0,Tinybeans,16363.0
972,,,,Mobestream Media,
973,202.0,336.0,75.0,GoChime,259.0
974,542.0,2229.0,1581.0,Plivo,1105.0
975,,,,Good People,
976,3473.0,4474.0,556.0,CodeHS,2181.0
977,,,,Verificient Technologies,
978,,,,Truebill,
979,898.0,1287.0,3.0,Ribbon,681.0
980,0.0,2.0,0.0,Verticly,0.0
981,0.0,9.0,9.0,Dorsata,8.0
982,11.0,558.0,291.0,121cast,76.0
983,,,,piictu,
984,1853.0,1052.0,723.0,IrisVR,59304.0
985,,,,Dynamo Micropower,
986,6.0,17.0,112.0,Qlika,6.0
987,6072.0,12487.0,1630.0,OLSET,13123.0
988,16.0,96.0,121.0,HistoWiz,205.0
989,63.0,9972.0,8812.0,GinzaMetrics,2396.0
990,44208.0,15098.0,7599.0,Impraise,17291.0
991,,,,Pop Up Archive,
992,,,,1DocWay,
993,,,,Pop-up Pantry,
994,,,,Instacanv.as,
995,,,,ApptheGame,
996,0.0,0.0,0.0,SoundFocus,0.0
997,,,,Better Weekdays,
998,0.0,8.0,0.0,CareLuLu,0.0
999,437.0,2124.0,184.0,PlateJoy,566.0
1000,2076.0,1245.0,757.0,NoviCap,2066.0
1001,,,,Plate Joy,
1002,545.0,13225.0,4.0,Priceonomics,1162.0
1003,82.0,1184.0,686.0,Vastrm,3770.0
1004,0.0,26.0,600.0,Fantoo,7.0
1005,,,,Keen Home,
1006,1810.0,10754.0,6718.0,ThinkNear,6208.0
1007,0.0,5.0,74.0,Toymail,0.0
1008,,,,Shift Messenger,
1009,0.0,1.0,0.0,Preply,0.0
1010,0.0,1.0,2.0,Swogo,9.0
1011,0.0,237.0,67.0,DoubleRecall,320.0
1012,0.0,39.0,2.0,Kout,1.0
1013,3.0,4.0,2.0,Gtail,1.0
1014,0.0,7.0,1.0,Nurep,0.0
1015,5062.0,2473.0,4667.0,BoardVitals,1901.0
1016,131.0,356.0,330.0,Baker,1221.0
1017,1566.0,3710.0,315.0,Vanhawks,1341.0
1018,712.0,1440.0,709.0,Codacy,1150.0
1019,28.0,237.0,217.0,All4Staff,122.0
1020,,,,ilos videos,
1021,65.0,411.0,18.0,Chainalysis,38.0
1022,273.0,609.0,347.0,Pathgather,1220.0
1023,1566.0,3710.0,315.0,Vanhawks,1341.0
1024,0.0,0.0,7.0,Qimple,0.0
1025,34.0,91.0,224.0,Gorgias,426.0
1026,,,,Carson Life,
1027,10873.0,324.0,363.0,Ivee,19517.0
1028,504.0,9681.0,9449.0,DataRank,3401.0
1029,1.0,12.0,52.0,Reesio,2.0
1030,,,,Janus VR,
1031,79.0,1572.0,1931.0,Power2Switch,2580.0
1032,502.0,1075.0,916.0,Rovertown,1514.0
1033,124.0,224.0,144.0,MetricStory,118.0
1034,1808.0,2603.0,2872.0,TripRebel,7187.0
1035,,,,The Tap Lab,
1036,661.0,1768.0,1721.0,BugHerd,2730.0
1037,661.0,1768.0,1721.0,Bugherd,2730.0
1038,1.0,248.0,1224.0,BetterView,452.0
1039,0.0,196.0,5.0,Adku,30.0
1040,0.0,4.0,28.0,KickUp,6.0
1041,0.0,21.0,0.0,LiteStack,0.0
1042,9.0,147.0,149.0,Asseta,2006.0
1043,,,,Tylr Mobile,
1044,3161.0,11145.0,1037.0,Vizify,6414.0
1045,3161.0,11145.0,1037.0,Vizify,6414.0
1046,66.0,225.0,101.0,Samasource,141.0
1047,,,,Impact Health,
1048,1362.0,8654.0,3195.0,MakersKit,3608.0
1049,70.0,4810.0,167.0,Snapette,1651.0
1050,176046.0,4992.0,342.0,Zillabyte,392.0
1051,176046.0,4992.0,342.0,ZeroCater,392.0
1052,1167.0,2309.0,2383.0,TeachBoost,5953.0
1053,0.0,7.0,2.0,Socedo,0.0
1054,1620.0,27786.0,3572.0,Iconfinder,8923.0
1055,2012.0,758.0,468.0,Embarke,564.0
1056,701.0,2308.0,1228.0,Brideside,2229.0
1057,0.0,150.0,0.0,OpenCare,1094.0
1058,1487.0,4615.0,2026.0,Guidecentral,4613.0
1059,0.0,14.0,8.0,TidePool,0.0
1060,10.0,285.0,85.0,SocialPandas,307.0
1061,0.0,3.0,0.0,NFLabs,1.0
1062,1621.0,3008.0,133.0,Brewbot,733.0
1063,,,,section.io,
1064,,,,Onename.io,
1065,524.0,1401.0,392.0,PartPic,318.0
1066,59.0,382.0,252.0,DOZ,1441.0
1067,2599.0,6371.0,3822.0,FameBit,4181.0
1068,,,,Drive Motors,
1069,11.0,156.0,68.0,Fama,922.0
1070,5416.0,4698.0,3286.0,adHawk,2206.0
1071,84.0,1001.0,2059.0,Ctrlio,1431.0
1072,706.0,15651.0,103.0,Pushbullet,3025.0
1073,2.0,19.0,44.0,Klooff,1093.0
1074,0.0,1.0,21.0,Sayduck,1.0
1075,1.0,14.0,75.0,Orbeus,7.0
1076,0.0,11.0,0.0,Sverve,0.0
1077,,,,EDCS Power,
1078,7.0,34.0,96.0,Bitfusion,193.0
1079,53.0,552.0,1486.0,MedSocket,622.0
1080,154.0,1337.0,3299.0,Venuemob,708.0
1081,810.0,1954.0,2259.0,Synata,2025.0
1082,,,,Octane Lending,
1083,,,,Modern Guild,
1084,13.0,6.0,14.0,CleverPet,0.0
1085,177.0,716.0,4332.0,Doblet,246.0
1086,0.0,8.0,1.0,Goodybag,0.0
1087,0.0,3.0,4.0,Naytev,0.0
1088,1593.0,1687.0,1534.0,Provender,1396.0
1089,,,,Fashion Metric,
1090,0.0,2.0,0.0,Clarify,0.0
1091,1.0,145.0,64.0,Flynn,349.0
1092,438.0,935.0,133.0,Pict,616.0
1093,227.0,1076.0,1266.0,HireArt,545.0
1094,5146.0,472.0,604.0,Bridge,15251.0
1095,5209.0,11209.0,1182.0,Lanyrd,923.0
1096,44.0,594.0,451.0,Flutter,2601.0
1097,0.0,171.0,8.0,NowJS,32.0
1098,13.0,112.0,202.0,Loom,497.0
1099,891.0,950.0,822.0,Impulcity,491.0
1100,1477.0,1515.0,62.0,Splitwise,1916.0
1101,338.0,260.0,243.0,TrulyWireless,541.0
1102,0.0,84.0,1.0,Sundar,0.0
1103,129.0,280.0,959.0,flytedesk,212.0
1104,173.0,3442050.0,686.0,Slash,7611.0
1105,,,,Change Collective,
1106,1406.0,1610.0,701.0,Garmentory,6214.0
1107,105.0,10030.0,244.0,Hive,84.0
1108,,,,Ordr.in,
1109,2.0,50.0,52.0,Roozz,368.0
1110,0.0,17.0,1.0,Panna,2.0
1111,0.0,0.0,4.0,REPP,0.0
1112,5.0,156.0,281.0,Locent,2013.0
1113,,,,Standard Analytics,
1114,290.0,1610.0,78.0,Pixowl,1173.0
1115,185.0,628.0,1019.0,ConceptDrop,1100.0
1116,10.0,26.0,56.0,Naiku,995.0
1117,0.0,19.0,0.0,Hammerhead,0.0
1118,927.0,2390.0,2514.0,coUrbanize,2529.0
1119,12.0,236.0,264.0,MadKudu,81.0
1120,0.0,0.0,0.0,Matcherino,0.0
1121,479.0,558.0,1128.0,Healint,751.0
1122,,,,Spring Metrics,
1123,0.0,2.0,0.0,Wantering,0.0
1124,,,,Branching Minds,
1125,1.0,179.0,37.0,Superbly,8.0
1126,265.0,176.0,123.0,Glider,15693.0
1127,131.0,532.0,657.0,Meshify,302.0
1128,0.0,35.0,0.0,ignighter,1.0
1129,0.0,7.0,0.0,Zeplin,0.0
1130,,,,kublax  ***,
1131,2.0,78.0,76.0,relink,2251.0
1132,,,,BuzzReferrals,
1133,0.0,77.0,0.0,BISON,0.0
1134,15.0,317.0,902.0,Koemei,158.0
1135,19.0,16.0,85.0,Fanzo,157.0
1136,26.0,111.0,32.0,Tyffon,30.0
1137,317.0,1085.0,551.0,PricingEngine,1806.0
1138,172.0,5903.0,403.0,Roost,178.0
1139,57.0,69.0,64.0,eTaskr,48.0
1140,,,,Cogo.tv,
1141,0.0,3.0,11.0,Parenthoods,0.0
1142,0.0,19.0,38.0,Carlypso,98.0
1143,0.0,5357.0,1843.0,Backtype,953.0
1144,14.0,445.0,500.0,CartCrunch,489.0
1145,59.0,200.0,321.0,Spotsetter,113.0
1146,354.0,1166.0,1053.0,chalkable,1413.0
1147,0.0,3.0,1.0,TenderTree,0.0
1148,0.0,673.0,109.0,Flightcaster,282.0
1149,0.0,1003.0,888.0,Movity,154.0
1150,396.0,311.0,440.0,TRData,626.0
1151,,,,Login Radius,
1152,26.0,325.0,178.0,Flip,984.0
1153,1464.0,499.0,1217.0,Quietyme,1012.0
1154,1865.0,2332.0,2117.0,Coinalytics,513.0
1155,99.0,681.0,1021.0,BentoBox,440.0
1156,,,,Big Data for Humans,
1157,16.0,62.0,220.0,Walksource,51.0
1158,1.0,14.0,7.0,Innervate,7.0
1159,35014.0,2431.0,1536.0,Alumnify,679.0
1160,0.0,24.0,0.0,Unima,0.0
1161,740.0,1822.0,189.0,Localize,10021.0
1162,4.0,229.0,424.0,Solu,119.0
1163,4.0,176.0,176.0,CtrlWorks,4619.0
1164,0.0,2.0,0.0,Biomeme,0.0
1165,2732.0,24708.0,13387.0,Crowdyhouse,2754.0
1166,0.0,5.0,1.0,Safello,1.0
1167,150.0,6557.0,1295.0,WeHostels,2635.0
1168,3.0,5364.0,165.0,UB,5207.0
1169,,,,Process Street,
1170,,,,Shoefitr,
1171,15.0,7.0,35.0,Omate,32.0
1172,72.0,1648.0,149.0,Feastly,584.0
1173,356.0,1516.0,133.0,Buttercoin,297.0
1174,0.0,6.0,19.0,igloohome,4.0
1175,43.0,147.0,76.0,Xpertsea,63.0
1176,425.0,3945.0,2843.0,ZendyHealth,761.0
1177,17.0,452.0,1429.0,Lernstift,424.0
1178,17.0,452.0,1429.0,Lernstift,424.0
1179,2.0,10.0,20.0,Shearwater,5.0
1180,,,,Shopline,
1181,,,,Seed&Spark,
1182,229.0,859.0,857.0,KonnectAgain,700.0
1183,0.0,522.0,682.0,Experiment,56.0
1184,,,,Alma Cosmetics,
1185,,,,Oddup,
1186,,,,Angel Sensor,
1187,1014.0,2268.0,139.0,Jewelbots,946.0
1188,1.0,479.0,10.0,Cloudbot,180.0
1189,51.0,6334.0,7336.0,Switchcam,1143.0
1190,0.0,113.0,4.0,Strap,1.0
1191,59.0,477.0,729.0,ShiftLabs,524.0
1192,,,,Veri,
1193,,,,datapath.io,
1194,114.0,357.0,790.0,CloudOptions,414.0
1195,,,,Smile Mom,
1196,808.0,1549.0,1151.0,Twigtale,1011.0
1197,661.0,2338.0,2270.0,BragBet,7089.0
1198,1530.0,2757.0,1729.0,Seevibes,5720.0
1199,0.0,398.0,213.0,AppAddictive,433.0
1200,1469.0,4544.0,4048.0,Spinnakr,5494.0
1201,,,,BlipSnips,
1202,0.0,6.0,0.0,Curebit,1.0
1203,4.0,953.0,132.0,Hyperink,423.0
1204,453.0,2829.0,102.0,Wander,573.0
1205,,,,Freak'n Genius,
1206,21.0,418.0,662.0,Pagewoo,1072.0
1207,0.0,2.0,1.0,Flinja,0.0
1208,0.0,5.0,1.0,MyShoebox,1.0
1209,0.0,2.0,1.0,Flinja,0.0
1210,145.0,1899.0,295.0,FaithStreet,1257.0
1211,,,,Affinity Networks,
1212,,,,CareerDean,
1213,1.0,26.0,98.0,Upside,21.0
1214,271.0,858.0,1084.0,Captureproof,1488.0
1215,0.0,34.0,16.0,Greentoe,19.0
1216,882.0,812.0,640.0,CommitChange,793.0
1217,52698.0,1382.0,811.0,ExpenseBot,835.0
1218,354.0,3521.0,217.0,Divshot,2506.0
1219,1391.0,6631.0,4948.0,Everypost,2735.0
1220,0.0,19.0,118.0,Donde,0.0
1221,599.0,1209.0,1282.0,ArchiveSocial,2496.0
1222,599.0,1209.0,1282.0,ArchiveSocial,2496.0
1223,,,,Bluefields.com,
1224,26.0,600.0,1978.0,TrustEgg,1094.0
1225,0.0,19.0,0.0,Ubersense,0.0
1226,7.0,3381.0,2168.0,Bluefields,3010.0
1227,50.0,1087.0,355.0,Qunb,1316.0
1228,50.0,1087.0,355.0,qunb,1316.0
1229,,,,High-Mobility,
1230,,,,Wise Systems,
1231,0.0,4.0,20.0,AYLIEN,2.0
1232,0.0,32.0,5.0,Peeractive,0.0
1233,95.0,604.0,485.0,MentorCloud,1231.0
1234,95.0,604.0,485.0,LingoLand,1231.0
1235,63.0,222.0,167.0,Float,120.0
1236,631.0,167.0,71.0,ReadMe,839.0
1237,2.0,68.0,292.0,StyleBee,14.0
1238,,,,Immunity Project,
1239,16.0,3.0,11.0,LiveStories,0.0
1240,,,,Hot,
1241,0.0,4.0,243.0,Eversport,3.0
1242,,,,Launchpad Toys,
1243,3431.0,15591.0,294.0,WeDidIt,4959.0
1244,3431.0,15591.0,294.0,WeDidIt,4959.0
1245,350.0,6046.0,1200.0,MAX,2502.0
1246,14.0,174.0,66.0,AutoUncle,973.0
1247,0.0,5.0,1.0,Osito,0.0
1248,,,,Walla.by,
1249,0.0,77.0,73.0,MailGun,27.0
1250,,,,Perfect Audience,
1251,3.0,1687.0,532.0,Chirply,1902.0
1252,,,,Zin.gl,
1253,72.0,631.0,428.0,Birdbox,1023.0
1254,12.0,604.0,1375.0,BuildersCloud,382.0
1255,64.0,238.0,83.0,WhalePath,220.0
1256,0.0,16.0,41.0,Placements,1.0
1257,186.0,626.0,368.0,italist,37351.0
1258,215.0,1267.0,659.0,TargetingMantra,3270.0
1259,46.0,10.0,45.0,Monkimun,68.0
1260,29.0,692.0,851.0,Videopixie,248.0
1261,244.0,184.0,169.0,AkitaBox,459.0
1262,1.0,735.0,2600.0,UniqueSound,168.0
1263,,,,room.me,
1264,0.0,4.0,7.0,Sponsorfied,0.0
1265,57.0,492.0,153.0,Squirrel,158.0
1266,0.0,0.0,0.0,Cashforce,1.0
1267,976.0,819.0,1118.0,Magicflix,637.0
1268,,,,Card Isle,
1269,220.0,671.0,730.0,YooLotto,904.0
1270,14.0,20.0,54.0,Stitch,46.0
1271,173.0,1109.0,1854.0,Spill,1358.0
1272,161.0,99376.0,913.0,Bluegape,4881.0
1273,24.0,441.0,974.0,ScholarPro,745.0
1274,0.0,391.0,1683.0,Coinjar,14.0
1275,0.0,19.0,1.0,TrakBill,0.0
1276,765.0,13340.0,8788.0,Floqq,7733.0
1277,3.0,18.0,42.0,Camperoo,19.0
1278,1.0,5.0,1.0,Fango,1.0
1279,59.0,702.0,41.0,teleportd,1849.0
1280,,,,Fortified Bicycle,
1281,0.0,1.0,1.0,Vessix,20.0
1282,0.0,2.0,0.0,MigrationBox,0.0
1283,4.0,138.0,173.0,Givey,261.0
1284,,,,Story To College,
1285,,,,VU Security,
1286,110.0,1401.0,1970.0,Mevu,2666.0
1287,48.0,2878.0,82.0,TiendaNube,2868.0
1288,,,,Hyperlite Mountain Gear,
1289,0.0,494.0,799.0,BookingMarkets,436.0
1290,1.0,929.0,1650.0,LocalBonus,981.0
1291,1586.0,2221.0,1553.0,Everpurse,5031.0
1292,0.0,4.0,7.0,WorkAmerica,0.0
1293,309.0,476.0,2188.0,PFITR,436.0
1294,,,,Pfitr,
1295,65.0,521.0,765.0,Giftiki,762.0
1296,319.0,4215.0,178.0,Embedly,1785.0
1297,3468.0,3799.0,794.0,WorkLife,1303.0
1298,,,,Veed.me,
1299,2347.0,662.0,700.0,Reactful,760.0
1300,67.0,926.0,853.0,AliveShoes,425.0
1301,748.0,1720.0,374.0,WantWorthy,1042.0
1302,0.0,9665.0,1734.0,Foodzie,4413.0
1303,0.0,235.0,2.0,Opzi,3.0
1304,,,,Unbound Concepts,
1305,32.0,945.0,37.0,UnboundConcepts,90.0
1306,0.0,14.0,686.0,Indybo,0.0
1307,0.0,1006.0,1266.0,Swarm,198.0
1308,0.0,7.0,2.0,PVPower,0.0
1309,5026.0,53020.0,5466.0,Rapportive,8055.0
1310,29.0,431.0,505.0,Playerize,1397.0
1311,637.0,2870.0,1053.0,Docphin,1331.0
1312,0.0,7.0,0.0,Vuru,0.0
1313,1103.0,280963.0,1087.0,RollCall,71941.0
1314,3.0,755.0,560.0,GroupTalent,798.0
1315,0.0,254.0,521.0,EggCartel,259.0
1316,,,,Retel Technologies,
1317,129.0,2576.0,612.0,ShopLocket,3254.0
1318,0.0,177.0,121.0,Embark,43.0
1319,6.0,8322.0,11971.0,Tipjoy,3155.0
1320,812.0,1404.0,466.0,Pickie,2675.0
1321,0.0,8.0,6.0,BrandEmbassy,4.0
1322,147.0,1614.0,958.0,BufferBox,1849.0
1323,,,,NewsUp.me,
1324,,,,One Exchange Street,
1325,,,,Greengage Mobile,
1326,1376.0,2958.0,2015.0,Wello,10829.0
1327,130.0,739.0,254.0,Meldium,1123.0
1328,,,,Luminate Health,
1329,,,,Touch Surgery,
1330,,,,Down,
1331,345.0,4819.0,1887.0,binpress,3094.0
1332,474.0,6348.0,192.0,SensorTower,2824.0
1333,217.0,1705.0,150.0,20Jeans,1679.0
1334,,,,Roam & Wander,
1335,18.0,119.0,117.0,Telesofia,91.0
1336,994.0,414.0,1121.0,DermaCompare,280.0
1337,189.0,6617.0,283.0,HeTexted,1289.0
1338,0.0,0.0,0.0,Countly,1.0
1339,23.0,297.0,716.0,Yellowdig,494.0
1340,,,,Experiment Engine,
1341,259.0,209.0,219.0,Givesurance,188.0
1342,,,,Player's Health,
1343,0.0,4.0,41.0,Kuhcoon,0.0
1344,54.0,473.0,586.0,Telnyx,395.0
1345,0.0,2.0,1.0,Pijon,10.0
1346,,,,Underground Cellar,
1347,6.0,495.0,690.0,LawnGuru,110.0
1348,0.0,24.0,0.0,Quest,3.0
1349,,,,Open Listings,
1350,29.0,562.0,27.0,Thinknum,120.0
1351,21.0,30.0,126.0,vBrand,228.0
